,二氧化硅(SiO2),氧化钠(Na2O),氧化钾(K2O),氧化钙(CaO),氧化镁(MgO),氧化铝(Al2O3),氧化铁(Fe2O3),氧化铜(CuO),氧化铅(PbO),氧化钡(BaO),五氧化二磷(P2O5),氧化锶(SrO),氧化锡(SnO2),二氧化硫(SO2)
8,0.6677893292250799,0.0,0.08970455077886773,0.08079796306866228,0.009047867724693244,0.07004030554260868,0.018733865428095933,0.22103527009058288,0.0,0.0,0.17435179471043039,0.0,0.0,0.0
11,0.7354090493932997,0.0,0.10172736151838892,0.03725233923147515,0.009047867724693244,0.04913983277399263,0.08664567758373556,0.024265980128302514,0.0,0.0,0.03386552679374889,0.0,0.0,0.0
12,0.8751393626226439,0.0,0.17569617720498326,0.04777565276244957,0.009047867724693244,0.05612248373652808,0.015712260450235452,0.00936683067538022,0.0,0.0,0.01144736458890255,0.0,0.0,0.0
14,0.7071216120885128,0.0,0.20508096749435722,0.04201965103212239,0.009047867724693244,0.050792683907570815,0.04461704923803546,0.029767304914700764,0.0,0.0,-0.002300711397879936,0.0,0.0,0.0
22,0.6725047845787174,0.0,0.12903935857682516,0.22351434011099436,0.15913925691689926,0.2445715558290774,0.14221477407711627,0.014819026123574658,0.0,0.0,0.0019449489648534664,0.0,0.0,0.0
28,0.6778435125124471,0.0,0.08970455077886773,0.06336334564962523,0.11127250465695004,0.11346904111968882,0.0027266535570802837,0.024510843782253464,0.0,0.0,0.03855106072886187,0.0,0.0,0.0
